{"cameraMode":{"drawMode":0,"name":"Shaded","section":"Shading Mode"},"sceneLighting":false,"audioPlay":false,"sceneViewState":{"showFog":true,"showMaterialUpdate":false,"showSkybox":false,"showFlares":true,"showImageEffects":true,"showParticleSystems":true},"in2DMode":false,"pivot":{"x":0.0024143457412719728,"y":0.9656615257263184,"z":1.5375066995620728},"rotation":{"x":0.14860354363918305,"y":0.17260059714317323,"z":-0.02635134756565094,"w":0.9733644127845764},"size":1.6387373208999634,"orthographic":true}