{"cameraMode":{"drawMode":0,"name":"Shaded","section":"Shading Mode"},"sceneLighting":false,"audioPlay":false,"sceneViewState":{"showFog":true,"showMaterialUpdate":false,"showSkybox":false,"showFlares":true,"showImageEffects":true,"showParticleSystems":true},"in2DMode":false,"pivot":{"x":2.430907726287842,"y":-0.44140625,"z":-0.34514957666397097},"rotation":{"x":-0.03876688703894615,"y":0.6322672963142395,"z":0.03170587122440338,"w":0.7731329798698425},"size":0.4330156743526459,"orthographic":true}