{"cameraMode":{"drawMode":0,"name":"Shaded","section":"Shading Mode"},"sceneLighting":false,"audioPlay":false,"sceneViewState":{"showFog":true,"showMaterialUpdate":false,"showSkybox":false,"showFlares":true,"showImageEffects":true,"showParticleSystems":true},"in2DMode":false,"pivot":{"x":0.4429999589920044,"y":0.0,"z":-1.2460002899169922},"rotation":{"x":0.060709089040756229,"y":0.7534602284431458,"z":0.07027456164360047,"w":-0.6509029865264893},"size":5.573374271392822,"orthographic":true}