{"cameraMode":{"drawMode":0,"name":"Shaded","section":"Shading Mode"},"sceneLighting":false,"audioPlay":false,"sceneViewState":{"showFog":true,"showMaterialUpdate":false,"showSkybox":false,"showFlares":true,"showImageEffects":true,"showParticleSystems":true},"in2DMode":false,"pivot":{"x":336.2157897949219,"y":189.26123046875,"z":1.4574005603790284},"rotation":{"x":-0.07189711928367615,"y":0.03350870683789253,"z":0.0024170309770852329,"w":0.9968467950820923},"size":1.5000029802322388,"orthographic":false}